SET NAMES utf8mb4;

SET FOREIGN_KEY_CHECKS = 0;

START TRANSACTION;

DELETE FROM base_async_task_records WHERE biz_type = 'power_task' OR queue_name = 'power';

DELETE FROM power_system_price_difference_details;
DELETE FROM power_system_proportion_sharing_details;
DELETE FROM power_system_fixed_price_details;
DELETE FROM power_system_quotation;

DELETE FROM power_system_contract;

DELETE FROM power_system_power_supply;
DELETE FROM power_system_party_a;
DELETE FROM power_system_party_b;

DELETE FROM power_system_forecast_power_consumption;
DELETE FROM power_system_actual_power_consumption;
DELETE FROM power_system_task_summary;

SET FOREIGN_KEY_CHECKS = 1;

INSERT INTO power_system_party_b (
  party_b_id,
  config_name,
  company_name,
  credit_code,
  company_address,
  legal_person,
  contact_person,
  contact_phone,
  contact_email,
  depository_bank,
  bank_account_no,
  hot_line,
  is_default,
  is_active,
  created_at,
  updated_at,
  created_by,
  updated_by
) VALUES
(
  1,
  '默认乙方配置',
  '苏州中鑫新能源有限公司',
  '91320500PB000001X1',
  '苏州市工业园区星湖街1号',
  '张三',
  '李经理',
  '13800000001',
  'biz1@example.com',
  '中国银行苏州分行',
  '622200000000000001',
  '400-800-0001',
  1,
  1,
  '2026-04-01 09:00:00.000',
  '2026-04-01 09:00:00.000',
  'admin',
  'admin'
),
(
  2,
  '备用乙方配置',
  '江苏远方售电有限公司',
  '91320500PB000002X2',
  '苏州市高新区科技城88号',
  '王五',
  '周主管',
  '13800000002',
  'biz2@example.com',
  '工商银行苏州分行',
  '622200000000000002',
  '400-800-0002',
  0,
  1,
  '2026-04-01 09:10:00.000',
  '2026-04-01 09:10:00.000',
  'admin',
  'admin'
),
(
  3,
  '已停用乙方配置',
  '苏州历史乙方有限公司',
  '91320500PB000003X3',
  '苏州市姑苏区人民路100号',
  '赵六',
  '钱经理',
  '13800000003',
  'biz3@example.com',
  '建设银行苏州分行',
  '622200000000000003',
  '400-800-0003',
  0,
  0,
  '2026-04-01 09:20:00.000',
  '2026-04-01 09:20:00.000',
  'admin',
  'admin'
);

INSERT INTO power_system_party_a (
  party_a_id,
  company_name,
  credit_code,
  company_address,
  legal_person,
  depository_bank,
  bank_account_no,
  contact_email,
  contact_person,
  contact_phone,
  is_active,
  created_at,
  updated_at,
  created_by,
  updated_by
) VALUES
(
  1,
  '苏州三星电子有限公司',
  '91320500PA000001A1',
  '苏州工业园区苏虹东路501号',
  '韩一',
  '招商银行苏州分行',
  '622500000000000001',
  'party-a-1@example.com',
  '陈甲',
  '13900000001',
  1,
  '2026-04-01 10:00:00.000',
  '2026-04-01 10:00:00.000',
  'admin',
  'admin'
),
(
  2,
  '苏州工业园区国际科技园产业管理有限公司',
  '91320500PA000002A2',
  '苏州工业园区若水路398号',
  '沈二',
  '农业银行苏州分行',
  '622500000000000002',
  'party-a-2@example.com',
  '周甲',
  '13900000002',
  1,
  '2026-04-01 10:10:00.000',
  '2026-04-01 10:10:00.000',
  'admin',
  'admin'
),
(
  3,
  '苏州历史甲方有限公司',
  '91320500PA000003A3',
  '苏州市吴中区东吴南路99号',
  '吴三',
  '交通银行苏州分行',
  '622500000000000003',
  'party-a-3@example.com',
  '孙甲',
  '13900000003',
  0,
  '2026-04-01 10:20:00.000',
  '2026-04-01 10:20:00.000',
  'admin',
  'admin'
);

INSERT INTO power_system_power_supply (
  ps_id,
  party_a_id,
  power_supply_address,
  power_supply_number,
  created_at,
  updated_at,
  created_by,
  updated_by
) VALUES
(
  1,
  1,
  '苏州工业园区苏虹东路501号A栋',
  'ACC-001',
  '2026-04-01 10:30:00.000',
  '2026-04-01 10:30:00.000',
  'admin',
  'admin'
),
(
  2,
  1,
  '苏州工业园区苏虹东路501号B栋',
  'ACC-002',
  '2026-04-01 10:31:00.000',
  '2026-04-01 10:31:00.000',
  'admin',
  'admin'
),
(
  3,
  2,
  '苏州工业园区若水路398号主楼',
  'ACC-003',
  '2026-04-01 10:32:00.000',
  '2026-04-01 10:32:00.000',
  'admin',
  'admin'
);

INSERT INTO power_system_contract (
  contract_id,
  contract_current_status,
  is_active,
  work_order_number,
  confirmation_method,
  party_a_contract_no,
  party_b_contract_no,
  submission_time,
  confirmation_time,
  contract_sign_date,
  party_a_sign_date,
  party_b_sign_date,
  order_time,
  sign_location,
  additional_terms,
  dispute_resolution_method,
  filing_method,
  filing_party,
  party_b_termination_before30,
  party_b_termination_other,
  party_b_termination_active,
  party_a_termination_before30,
  party_a_termination_in30,
  party_a_termination_active,
  original_copies,
  duplicate_copies,
  party_a_custom,
  party_a_custom_company,
  party_a_custom_credit_code,
  party_a_custom_legal_person,
  party_a_custom_address,
  party_a_custom_bank,
  party_a_custom_bank_account,
  party_a_custom_contact_person,
  party_a_custom_contact_phone,
  party_a_id,
  party_b_id,
  created_at,
  updated_at,
  created_by,
  updated_by
) VALUES
(
  1001,
  '已签约',
  1,
  'WO-PS-1001',
  '电子确认',
  'PA-2026-001',
  'PB-2026-001',
  '2026-03-20 09:00:00',
  '2026-03-21 10:00:00',
  '2026-03-22',
  '2026-03-22',
  '2026-03-22',
  '2026-03-19 16:00:00',
  '苏州',
  '按月结算',
  '2',
  '2',
  '乙',
  10000,
  8000,
  12000,
  9000,
  6000,
  11000,
  2,
  1,
  0,
  NULL,
  NULL,
  NULL,
  NULL,
  NULL,
  NULL,
  NULL,
  NULL,
  1,
  1,
  '2026-03-22 10:00:00.000',
  '2026-03-22 10:00:00.000',
  'admin',
  'admin'
),
(
  1002,
  '已签约',
  1,
  'WO-PS-1002',
  '电子确认',
  'PA-2026-002',
  'PB-2026-002',
  '2026-03-25 09:00:00',
  '2026-03-26 10:00:00',
  '2026-03-27',
  '2026-03-27',
  '2026-03-27',
  '2026-03-24 16:00:00',
  '上海',
  '自定义甲方合同',
  '2',
  '2',
  '乙',
  9000,
  7000,
  10000,
  8000,
  5000,
  9000,
  2,
  1,
  1,
  '苏州自定义用电企业有限公司',
  '91320500CUSTOM001',
  '自定义法人',
  '苏州高新区创新路1号',
  '浦发银行苏州分行',
  '622600000000000001',
  '自定义联系人',
  '13700000001',
  -1,
  1,
  '2026-03-27 10:00:00.000',
  '2026-03-27 10:00:00.000',
  'admin',
  'admin'
),
(
  1003,
  '已终止',
  0,
  'WO-PS-1003',
  '电子确认',
  'PA-2026-003',
  'PB-2026-003',
  '2026-03-28 09:00:00',
  '2026-03-29 10:00:00',
  '2026-03-30',
  '2026-03-30',
  '2026-03-30',
  '2026-03-28 16:00:00',
  '无锡',
  '已停用合同',
  '2',
  '2',
  '乙',
  5000,
  5000,
  5000,
  5000,
  5000,
  5000,
  2,
  1,
  0,
  NULL,
  NULL,
  NULL,
  NULL,
  NULL,
  NULL,
  NULL,
  NULL,
  2,
  2,
  '2026-03-30 10:00:00.000',
  '2026-03-30 10:00:00.000',
  'admin',
  'admin'
),
(
  1011,
  '已签约',
  1,
  'WO-PS-1011',
  '电子确认',
  'PA-2026-011',
  'PB-2026-011',
  '2026-03-23 09:00:00',
  '2026-03-24 10:00:00',
  '2026-03-25',
  '2026-03-25',
  '2026-03-25',
  '2026-03-22 16:00:00',
  '苏州',
  '报价类型查询专用合同',
  '2',
  '2',
  '乙',
  7000,
  6000,
  9000,
  7000,
  5000,
  8000,
  2,
  1,
  0,
  NULL,
  NULL,
  NULL,
  NULL,
  NULL,
  NULL,
  NULL,
  NULL,
  1,
  1,
  '2026-03-25 10:00:00.000',
  '2026-03-25 10:00:00.000',
  'admin',
  'admin'
);

INSERT INTO power_system_quotation (
  id,
  contract_id,
  quote_type_id,
  green_elec_allow,
  green_elec_price,
  trade_start_time,
  trade_end_time,
  total_electricity,
  monthly_electricity,
  electricity_deviation,
  positive_deviation_ratio,
  positive_deviation_price,
  negative_deviation_ratio,
  negative_deviation_price,
  standard_curve_method,
  curve_modify_days,
  curve_deviation,
  curve_positive_ratio,
  curve_positive_price,
  curve_negative_ratio,
  curve_negative_price,
  created_at,
  updated_at,
  created_by,
  updated_by
) VALUES
(
  2001,
  1001,
  1,
  1,
  0.05,
  '2026-04-01',
  '2026-12-31',
  120000.00,
  JSON_OBJECT('2026-04', 10000, '2026-05', 10000, '2026-06', 10000),
  5.00,
  10.00,
  0.12,
  10.00,
  0.08,
  0,
  NULL,
  NULL,
  NULL,
  NULL,
  NULL,
  NULL,
  '2026-03-22 10:10:00.000',
  '2026-03-22 10:10:00.000',
  'admin',
  'admin'
),
(
  2002,
  1011,
  2,
  1,
  0.06,
  '2026-04-01',
  '2026-12-31',
  120000.00,
  JSON_OBJECT('2026-04', 10000, '2026-05', 10000, '2026-06', 10000),
  6.00,
  12.00,
  0.15,
  12.00,
  0.10,
  0,
  NULL,
  NULL,
  NULL,
  NULL,
  NULL,
  NULL,
  '2026-03-22 10:11:00.000',
  '2026-03-22 10:11:00.000',
  'admin',
  'admin'
),
(
  2003,
  1011,
  3,
  0,
  NULL,
  '2026-04-01',
  '2026-12-31',
  120000.00,
  JSON_OBJECT('2026-04', 10000, '2026-05', 10000, '2026-06', 10000),
  4.00,
  8.00,
  0.11,
  8.00,
  0.07,
  1,
  7,
  3.00,
  5.00,
  0.10,
  5.00,
  0.06,
  '2026-03-22 10:12:00.000',
  '2026-03-22 10:12:00.000',
  'admin',
  'admin'
),
(
  2004,
  1002,
  1,
  1,
  0.05,
  '2026-04-01',
  '2026-12-31',
  60000.00,
  JSON_OBJECT('2026-04', 5000, '2026-05', 5000, '2026-06', 5000),
  5.00,
  10.00,
  0.12,
  10.00,
  0.08,
  0,
  NULL,
  NULL,
  NULL,
  NULL,
  NULL,
  NULL,
  '2026-03-27 10:10:00.000',
  '2026-03-27 10:10:00.000',
  'admin',
  'admin'
);

INSERT INTO power_system_fixed_price_details (
  id,
  quotation_id,
  fixed_price_ratio,
  market_transaction_price,
  price_limit,
  created_at,
  updated_at,
  created_by,
  updated_by
) VALUES
(
  2101,
  2001,
  100.00,
  0.465,
  0.500,
  '2026-03-22 10:20:00.000',
  '2026-03-22 10:20:00.000',
  'admin',
  'admin'
),
(
  2102,
  2004,
  100.00,
  0.472,
  0.510,
  '2026-03-27 10:20:00.000',
  '2026-03-27 10:20:00.000',
  'admin',
  'admin'
);

INSERT INTO power_system_proportion_sharing_details (
  id,
  quotation_id,
  ps_prop_sharing_ratio,
  ps_dist_ref_price,
  ps_long_term_trans_ratio,
  ps_party_a_prop_below_long_term,
  ps_party_b_prop_below_long_term,
  ps_party_a_prop_above_long_term,
  ps_party_b_prop_above_long_term,
  ps_long_term_trans_limit,
  created_at,
  updated_at,
  created_by,
  updated_by
) VALUES
(
  2201,
  2002,
  100.00,
  0.415,
  60.00,
  70.00,
  30.00,
  60.00,
  40.00,
  0.520,
  '2026-03-22 10:21:00.000',
  '2026-03-22 10:21:00.000',
  'admin',
  'admin'
);

INSERT INTO power_system_price_difference_details (
  id,
  quotation_id,
  pd_price_diff_fluc_ratio,
  pd_long_term_trans_ratio,
  pd_long_term_trans_avg_price,
  pd_long_term_trans_direction,
  pd_long_term_trans_limit,
  created_at,
  updated_at,
  created_by,
  updated_by
) VALUES
(
  2301,
  2003,
  100.00,
  65.00,
  0.431,
  1,
  0.510,
  '2026-03-22 10:22:00.000',
  '2026-03-22 10:22:00.000',
  'admin',
  'admin'
);

INSERT INTO power_system_actual_power_consumption (
  id,
  seller_company_name,
  retail_user_name,
  record_date,
  account_number,
  daily_total_energy_kwh,
  consumption_0015,
  consumption_0030,
  consumption_0045,
  consumption_0100,
  created_at,
  updated_at,
  created_by,
  updated_by
) VALUES
(
  3001,
  '苏州中鑫新能源有限公司',
  '苏州三星电子有限公司',
  '2026-04-01',
  'ACC-001',
  10.00,
  1.00,
  2.00,
  3.00,
  4.00,
  '2026-04-01 00:05:00.000',
  '2026-04-01 00:05:00.000',
  'system',
  'system'
),
(
  3002,
  '苏州中鑫新能源有限公司',
  '苏州三星电子有限公司',
  '2026-04-02',
  'ACC-001',
  12.00,
  1.50,
  2.50,
  3.50,
  4.50,
  '2026-04-02 00:05:00.000',
  '2026-04-02 00:05:00.000',
  'system',
  'system'
),
(
  3003,
  '苏州中鑫新能源有限公司',
  '苏州三星电子有限公司',
  '2026-04-03',
  'ACC-001',
  11.00,
  1.20,
  2.20,
  3.20,
  4.20,
  '2026-04-03 00:05:00.000',
  '2026-04-03 00:05:00.000',
  'system',
  'system'
),
(
  3004,
  '苏州中鑫新能源有限公司',
  '昆山未知企业有限公司',
  '2026-04-01',
  'ACC-999',
  8.00,
  0.80,
  1.80,
  2.80,
  2.60,
  '2026-04-01 00:06:00.000',
  '2026-04-01 00:06:00.000',
  'system',
  'system'
);

INSERT INTO power_system_forecast_power_consumption (
  id,
  seller_company_name,
  retail_user_name,
  record_date,
  use_date,
  daily_total_energy_kwh,
  consumption_0015,
  consumption_0030,
  consumption_0045,
  consumption_0100,
  created_at,
  updated_at,
  created_by,
  updated_by
) VALUES
(
  4001,
  '苏州中鑫新能源有限公司',
  '苏州三星电子有限公司',
  '2026-04-01',
  '2026-03-22--2026-03-31',
  9.50,
  0.90,
  1.90,
  2.90,
  3.80,
  '2026-04-01 00:10:00.000',
  '2026-04-01 00:10:00.000',
  'system',
  'system'
),
(
  4002,
  '苏州中鑫新能源有限公司',
  '苏州三星电子有限公司',
  '2026-04-02',
  '2026-03-23--2026-04-01',
  11.50,
  1.40,
  2.40,
  3.40,
  4.30,
  '2026-04-02 00:10:00.000',
  '2026-04-02 00:10:00.000',
  'system',
  'system'
),
(
  4003,
  '苏州中鑫新能源有限公司',
  '苏州三星电子有限公司',
  '2026-04-03',
  '2026-03-24--2026-04-02',
  10.80,
  1.10,
  2.10,
  3.10,
  4.10,
  '2026-04-03 00:10:00.000',
  '2026-04-03 00:10:00.000',
  'system',
  'system'
);

INSERT INTO power_system_task_summary (
  task_id,
  task_name,
  status,
  start_time,
  end_time,
  upload_summary,
  compute_summary,
  error_message,
  created_at,
  updated_at,
  created_by,
  updated_by
) VALUES
(
  5001,
  '已完成预测任务',
  'completed',
  '2026-04-03 09:00:00',
  '2026-04-03 09:15:00',
  '{
    "start_time":"2026-04-03T09:00:00.000Z",
    "end_time":"2026-04-03T09:02:00.000Z",
    "total_files":1,
    "uploaded_files":1,
    "failed_files":0,
    "files":[
      {
        "file_id":"file-5001",
        "name":"actual.csv",
        "size":1024,
        "status":"completed",
        "error_message":null
      }
    ],
    "company_dates":{
      "苏州三星电子有限公司":["2026-04-01","2026-04-02","2026-04-03"]
    }
  }',
  '{
    "start_time":"2026-04-03T09:02:00.000Z",
    "end_time":"2026-04-03T09:15:00.000Z",
    "total_jobs":1,
    "successful_jobs":1,
    "failed_jobs":0,
    "progress":100,
    "jobs":[
      {
        "company_name":"苏州三星电子有限公司",
        "predicted_date":"2026-04-03",
        "status":"completed",
        "error_message":null
      }
    ]
  }',
  NULL,
  '2026-04-03 09:00:00.000',
  '2026-04-03 09:15:00.000',
  'system',
  'system'
),
(
  5002,
  '计算中预测任务',
  'computing',
  '2026-04-04 09:00:00',
  NULL,
  '{
    "start_time":"2026-04-04T09:00:00.000Z",
    "end_time":"2026-04-04T09:01:00.000Z",
    "total_files":1,
    "uploaded_files":1,
    "failed_files":0,
    "files":[
      {
        "file_id":"file-5002",
        "name":"actual.csv",
        "size":2048,
        "status":"completed",
        "error_message":null
      }
    ],
    "company_dates":{
      "苏州三星电子有限公司":["2026-04-04","2026-04-05"],
      "昆山未知企业有限公司":["2026-04-04"]
    }
  }',
  '{
    "start_time":"2026-04-04T09:01:00.000Z",
    "end_time":null,
    "total_jobs":2,
    "successful_jobs":0,
    "failed_jobs":0,
    "progress":0,
    "jobs":[
      {
        "company_name":"苏州三星电子有限公司",
        "predicted_date":"2026-04-05",
        "status":"computing",
        "error_message":null
      },
      {
        "company_name":"昆山未知企业有限公司",
        "predicted_date":"2026-04-05",
        "status":"computing",
        "error_message":null
      }
    ]
  }',
  NULL,
  '2026-04-04 09:00:00.000',
  '2026-04-04 09:01:00.000',
  'system',
  'system'
),
(
  5003,
  '失败预测任务',
  'completed',
  '2026-04-05 09:00:00',
  '2026-04-05 09:20:00',
  '{
    "start_time":"2026-04-05T09:00:00.000Z",
    "end_time":"2026-04-05T09:02:00.000Z",
    "total_files":1,
    "uploaded_files":1,
    "failed_files":0,
    "files":[
      {
        "file_id":"file-5003",
        "name":"actual.csv",
        "size":1024,
        "status":"completed",
        "error_message":null
      }
    ],
    "company_dates":{
      "昆山未知企业有限公司":["2026-04-05"]
    }
  }',
  '{
    "start_time":"2026-04-05T09:02:00.000Z",
    "end_time":"2026-04-05T09:20:00.000Z",
    "total_jobs":1,
    "successful_jobs":0,
    "failed_jobs":1,
    "progress":100,
    "jobs":[
      {
        "company_name":"昆山未知企业有限公司",
        "predicted_date":"2026-04-06",
        "status":"failed",
        "error_message":"unsupported_company"
      }
    ]
  }',
  '预测接口返回不支持企业',
  '2026-04-05 09:00:00.000',
  '2026-04-05 09:20:00.000',
  'system',
  'system'
);

INSERT INTO base_async_task_records (
  id,
  queue_name,
  job_name,
  job_id,
  trace_id,
  actor_account_id,
  actor_active_role,
  biz_type,
  biz_key,
  biz_sub_key,
  source,
  reason,
  occurred_at,
  dedup_key,
  status,
  attempt_count,
  max_attempts,
  enqueued_at,
  started_at,
  finished_at,
  created_at,
  updated_at
) VALUES
(
  6001,
  'power',
  'run-task',
  'power-task-5002',
  'power-task-5002',
  NULL,
  NULL,
  'power_task',
  'power-task-5002',
  '5002',
  'user_action',
  'enqueue_accepted',
  '2026-04-04 09:01:05.000',
  'power-task-5002',
  'queued',
  0,
  3,
  '2026-04-04 09:01:05.000',
  NULL,
  NULL,
  '2026-04-04 09:01:05.000',
  '2026-04-04 09:01:05.000'
);

COMMIT;
